{"cameraMode":{"drawMode":0,"name":"Shaded","section":"Shading Mode"},"sceneLighting":false,"audioPlay":false,"sceneViewState":{"showFog":true,"showMaterialUpdate":false,"showSkybox":false,"showFlares":true,"showImageEffects":true,"showParticleSystems":true},"in2DMode":false,"pivot":{"x":-0.0372157096862793,"y":0.3885166645050049,"z":-0.037844061851501468},"rotation":{"x":-0.19523854553699494,"y":-0.7088188529014587,"z":0.21501490473747254,"w":-0.6431523561477661},"size":1.0546921491622925,"orthographic":false}